<?xml version="1.0" encoding="UTF-8" standalone="no"?>
<!-- Generated 20/05/2020 05:02:39 PM by Hibernate Tools 5.4.14.Final --><!DOCTYPE hibernate-mapping PUBLIC "-//Hibernate/Hibernate Mapping DTD 3.0//EN" "http://www.hibernate.org/dtd/hibernate-mapping-3.0.dtd">
<hibernate-mapping auto-import="true" default-access="property" default-cascade="none" default-lazy="true">
    <class dynamic-insert="false" dynamic-update="false" mutable="true" name="co.edu.campusucc.sd.modelo.Biometria" optimistic-lock="version" polymorphism="implicit" schema="public" select-before-update="false" table="biometria">
        <id name="idBiometria" type="string">
            <column length="50" name="id_biometria"/>
            <generator class="assigned"/>
        </id>
        <many-to-one class="co.edu.campusucc.sd.modelo.Cliente" embed-xml="true" fetch="select" insert="true" name="cliente" not-found="exception" optimistic-lock="true" unique="false" update="true">
            <column length="50" name="id_cliente"/>
        </many-to-one>
        <property generated="never" lazy="false" name="huellaDigital1" optimistic-lock="true" type="string" unique="false">
            <column length="50" name="huella_digital_1"/>
        </property>
        <property generated="never" lazy="false" name="huellaDigital2" optimistic-lock="true" type="string" unique="false">
            <column length="50" name="huella_digital_2"/>
        </property>
    </class>
</hibernate-mapping>
