<?xml version="1.0" encoding="UTF-8" standalone="no"?>
<!-- Generated 20/05/2020 05:02:39 PM by Hibernate Tools 5.4.14.Final --><!DOCTYPE hibernate-mapping PUBLIC "-//Hibernate/Hibernate Mapping DTD 3.0//EN" "http://www.hibernate.org/dtd/hibernate-mapping-3.0.dtd">
<hibernate-mapping auto-import="true" default-access="property" default-cascade="none" default-lazy="true">
    <class dynamic-insert="false" dynamic-update="false" mutable="true" name="co.edu.campusucc.sd.modelo.Lucotoria" optimistic-lock="version" polymorphism="implicit" schema="public" select-before-update="false" table="lucotoria">
        <id name="idLucotoria" type="string">
            <column length="50" name="id_lucotoria"/>
            <generator class="assigned"/>
        </id>
        <many-to-one class="co.edu.campusucc.sd.modelo.Clientes" embed-xml="true" fetch="select" insert="true" name="clientes" not-found="exception" optimistic-lock="true" unique="false" update="true">
            <column length="50" name="origen_giro"/>
        </many-to-one>
        <many-to-one class="co.edu.campusucc.sd.modelo.Empleados" embed-xml="true" fetch="select" insert="true" name="empleados" not-found="exception" optimistic-lock="true" unique="false" update="true">
            <column length="50" name="id_empleado"/>
        </many-to-one>
        <many-to-one class="co.edu.campusucc.sd.modelo.Pais" embed-xml="true" fetch="select" insert="true" name="pais" not-found="exception" optimistic-lock="true" unique="false" update="true">
            <column length="50" name="id_pais"/>
        </many-to-one>
        <property generated="never" lazy="false" name="enviarGiro" optimistic-lock="true" type="string" unique="false">
            <column length="50" name="`enviar giro`"/>
        </property>
        <set embed-xml="true" fetch="select" inverse="true" lazy="true" mutable="true" name="clientes_1" optimistic-lock="true" sort="unsorted" table="cliente">
            <key on-delete="noaction">
                <column length="50" name="id_lucotoria"/>
            </key>
            <one-to-many class="co.edu.campusucc.sd.modelo.Cliente" embed-xml="true" not-found="exception"/>
        </set>
        <set embed-xml="true" fetch="select" inverse="true" lazy="true" mutable="true" name="sedes" optimistic-lock="true" sort="unsorted" table="sede">
            <key on-delete="noaction">
                <column length="50" name="id_lucotoria"/>
            </key>
            <one-to-many class="co.edu.campusucc.sd.modelo.Sede" embed-xml="true" not-found="exception"/>
        </set>
    </class>
</hibernate-mapping>
