<?xml version="1.0" encoding="UTF-8" standalone="no"?>
<!-- Generated 20/05/2020 05:02:39 PM by Hibernate Tools 5.4.14.Final --><!DOCTYPE hibernate-mapping PUBLIC "-//Hibernate/Hibernate Mapping DTD 3.0//EN" "http://www.hibernate.org/dtd/hibernate-mapping-3.0.dtd">
<hibernate-mapping auto-import="true" default-access="property" default-cascade="none" default-lazy="true">
    <class dynamic-insert="false" dynamic-update="false" mutable="true" name="co.edu.campusucc.sd.modelo.TablaDeNegosiacion" optimistic-lock="version" polymorphism="implicit" schema="public" select-before-update="false" table="`Tabla de negosiacion`">
        <composite-id class="co.edu.campusucc.sd.modelo.TablaDeNegosiacionId" mapped="false" name="id" unsaved-value="undefined">
            <key-property name="origenGiro" type="string">
                <column length="50" name="origen_giro"/>
            </key-property>
            <key-property name="destinoGiro" type="string">
                <column length="50" name="destino_giro"/>
            </key-property>
            <key-property name="banco" type="string">
                <column length="50" name="banco"/>
            </key-property>
            <key-property name="fecha" type="string">
                <column length="50" name="fecha"/>
            </key-property>
            <key-property name="fleteEnvio" type="string">
                <column length="50" name="flete_envio"/>
            </key-property>
            <key-property name="comision" type="string">
                <column length="50" name="comision"/>
            </key-property>
        </composite-id>
    </class>
</hibernate-mapping>
