<?xml version="1.0" encoding="UTF-8" standalone="no"?>
<!-- Generated 20/05/2020 05:02:39 PM by Hibernate Tools 5.4.14.Final --><!DOCTYPE hibernate-mapping PUBLIC "-//Hibernate/Hibernate Mapping DTD 3.0//EN" "http://www.hibernate.org/dtd/hibernate-mapping-3.0.dtd">
<hibernate-mapping auto-import="true" default-access="property" default-cascade="none" default-lazy="true">
    <class dynamic-insert="false" dynamic-update="false" mutable="true" name="co.edu.campusucc.sd.modelo.TipoDocumento" optimistic-lock="version" polymorphism="implicit" schema="public" select-before-update="false" table="tipo_documento">
        <composite-id class="co.edu.campusucc.sd.modelo.TipoDocumentoId" mapped="false" name="id" unsaved-value="undefined">
            <key-property name="idTipoDocumento" type="string">
                <column length="50" name="id_tipo_documento"/>
            </key-property>
            <key-property name="nombreDocumento" type="string">
                <column length="50" name="nombre_documento"/>
            </key-property>
        </composite-id>
    </class>
</hibernate-mapping>
