<?xml version="1.0" encoding="UTF-8" standalone="no"?>
<!-- Generated 20/05/2020 05:02:39 PM by Hibernate Tools 5.4.14.Final --><!DOCTYPE hibernate-mapping PUBLIC "-//Hibernate/Hibernate Mapping DTD 3.0//EN" "http://www.hibernate.org/dtd/hibernate-mapping-3.0.dtd">
<hibernate-mapping auto-import="true" default-access="property" default-cascade="none" default-lazy="true">
    <class dynamic-insert="false" dynamic-update="false" mutable="true" name="co.edu.campusucc.sd.modelo.TipoClente" optimistic-lock="version" polymorphism="implicit" schema="public" select-before-update="false" table="tipo_clente">
        <id name="idTipoCliente" type="string">
            <column length="50" name="id_tipo_cliente"/>
            <generator class="assigned"/>
        </id>
        <property generated="never" lazy="false" name="nombre" optimistic-lock="true" type="string" unique="false">
            <column length="50" name="nombre"/>
        </property>
        <set embed-xml="true" fetch="select" inverse="true" lazy="true" mutable="true" name="clientes" optimistic-lock="true" sort="unsorted" table="cliente">
            <key on-delete="noaction">
                <column length="50" name="id_tipo_cliente"/>
            </key>
            <one-to-many class="co.edu.campusucc.sd.modelo.Cliente" embed-xml="true" not-found="exception"/>
        </set>
    </class>
</hibernate-mapping>
