<?xml version="1.0" encoding="UTF-8" standalone="no"?>
<!-- Generated 20/05/2020 05:02:39 PM by Hibernate Tools 5.4.14.Final --><!DOCTYPE hibernate-mapping PUBLIC "-//Hibernate/Hibernate Mapping DTD 3.0//EN" "http://www.hibernate.org/dtd/hibernate-mapping-3.0.dtd">
<hibernate-mapping auto-import="true" default-access="property" default-cascade="none" default-lazy="true">
    <class dynamic-insert="false" dynamic-update="false" mutable="true" name="co.edu.campusucc.sd.modelo.Ubicacion" optimistic-lock="version" polymorphism="implicit" schema="public" select-before-update="false" table="ubicacion">
        <composite-id class="co.edu.campusucc.sd.modelo.UbicacionId" mapped="false" name="id" unsaved-value="undefined">
            <key-property name="idUbicacion" type="string">
                <column length="50" name="id_ubicacion"/>
            </key-property>
            <key-property name="nombre" type="string">
                <column length="50" name="nombre"/>
            </key-property>
            <key-property name="idCliente" type="string">
                <column length="50" name="id_cliente"/>
            </key-property>
        </composite-id>
        <many-to-one class="co.edu.campusucc.sd.modelo.Cliente" embed-xml="true" fetch="select" insert="false" name="cliente" not-found="exception" optimistic-lock="true" unique="false" update="false">
            <column length="50" name="id_cliente"/>
        </many-to-one>
    </class>
</hibernate-mapping>
