<?xml version="1.0" encoding="UTF-8" standalone="no"?>
<!DOCTYPE hibernate-configuration PUBLIC "-//Hibernate/Hibernate Configuration DTD 3.0//EN" "http://www.hibernate.org/dtd/hibernate-configuration-3.0.dtd">
<hibernate-configuration>
    <session-factory>
        <property name="hibernate.bytecode.use_reflection_optimizer">false</property>
        <property name="hibernate.connection.driver_class">org.postgresql.Driver</property>
        <property name="hibernate.connection.password">postgres</property>
        <property name="hibernate.connection.url">jdbc:postgresql://localhost:5432/postgres</property>
        <property name="hibernate.connection.username">joses</property>
        <property name="hibernate.dialect">org.hibernate.dialect.PostgreSQLDialect</property>
        <property name="hibernate.search.autoregister_listeners">true</property>
        <property name="hibernate.validator.apply_to_ddl">false</property>
        <mapping resource="co/edu/campusucc/sd/modelo/Empleados.hbm.xml"/>
        <mapping resource="co/edu/campusucc/sd/modelo/Cliente.hbm.xml"/>
        <mapping resource="co/edu/campusucc/sd/modelo/TipoClente.hbm.xml"/>
        <mapping resource="co/edu/campusucc/sd/modelo/TablaDeNegosiacion.hbm.xml"/>
        <mapping resource="co/edu/campusucc/sd/modelo/Biometria.hbm.xml"/>
        <mapping resource="co/edu/campusucc/sd/modelo/Lucotoria.hbm.xml"/>
        <mapping resource="co/edu/campusucc/sd/modelo/Sede.hbm.xml"/>
        <mapping resource="co/edu/campusucc/sd/modelo/Ubicacion.hbm.xml"/>
        <mapping resource="co/edu/campusucc/sd/modelo/Clientes.hbm.xml"/>
        <mapping resource="co/edu/campusucc/sd/modelo/Pais.hbm.xml"/>
        <mapping resource="co/edu/campusucc/sd/modelo/TipoDocumento.hbm.xml"/>
    </session-factory>
</hibernate-configuration>
